pca,cap
p1,0.65
p10,42.379999999999995
p101,32.5
p12,1.3
p122,2.4699999999999998
p126,25.61
p13,31.200000000000003
p131,0.13
p28,2.9900000000000007
p29,4.8100000000000005
p30,3.9000000000000004
p33,11.05
p34,13.26
p80,11.700000000000001
p9,21.19
p98,4.16
