pca,cap
p10,27.3
p101,32.5
p13,19.759999999999998
p34,8.71
p80,11.700000000000001
